skill,question_index,type,question,choices,skill_url
Determine the main idea of a passage,1,multiple-choice,"Read the passage. Blooms in Death Valley In March 2016, Death Valley National Park in the US state of California experienced a rare occurrence: thousands of yellow wildflowers covered the region in a 'super bloom'. Why was this unusual? Death Valley is the hottest and driest place in North America. The area's average yearly precipitation is just five centimetres, making it a challenging place for flowers to grow. However, in October 2015, the valley had received more than eight centimetres of rain in some areas. As a result of the unusually wet season, wildflower seeds that had been lying dormant underground suddenly began to grow, producing an abundance of golden blooms. What is the main, or central, idea of the passage?","Because of the hot, dry conditions in Death Valley, it is difficult for flowers to grow there. | Because of an unusual amount of rain, thousands of wildflowers grew in Death Valley in 2016.",https://uk.ixl.com/english/year-9/determine-the-main-idea-of-a-passage
Match the quotations with their themes,2,unknown,"Read the quotations below from Libba Bray's A Great and Terrible Beauty. Match each one with the theme or lesson it suggests. Not being able to talk about something can be a burden. Good things stand out only next to bad things. Quotation Theme And I could only stand by . . . The keeper of a secret so terrible it made me afraid to speak, scared that it would pour out of me like kerosene, burning everyone. 'Because you don't notice the light without a bit of shadow. Everything has both dark and light.' © 2003 Martha E. Bray Submit",,https://uk.ixl.com/english/year-9/match-the-quotations-with-their-themes
Determine the themes of short stories,1,multiple-choice,"Read the following story. The Puddle Marco was frustrated. It was another rainy day in the city. His paintbrushes and easel sat in the dreary light of the grey morning. On his wall hung his best paintings: an apple orchard with red fruit bursting with colour; a beach under a blue sky; and the ocean sparkling in the summer sun. He fondly recalled painting each scene. Last week, Marco had been painting the flower garden in the park when the rain started. His canvas of pink blossoms was now leaning against the back of the easel in his flat, half-finished, waiting. The thick clouds and pouring rain showed no sign of leaving. Later that morning, as Marco gazed out the window, something small caught his eye: a puddle in the street reflected the neon sign of a shopfront. After studying the puddle, Marco set up his easel by the window. Instead of seeing a simple, gloomy blur, Marco noticed that the puddle captured not only the neon sign but also the steel-coloured sky and a leafless tree branch. Marco noted the richness of the paint colours as he mixed different greys. Bright orchards and sunny beaches were a familiar challenge, but there were no sharp contrasts in the dark, watery world in that puddle. It was hard at first, but Marco's brushstrokes grew more confident as the morning wore on. Soon he had developed the right techniques for creating the misty shadows and fuzzy neon light. Hours passed before Marco realised how immersed he was. After he had finished the scene and the paint had dried, he hung the canvas on his wall. The new painting added depth to his collection, and even more depth to his pride as an artist. Which of the following best describes the main theme or lesson of the story?",Stick to doing what you know. | It's good to tackle new challenges.,https://uk.ixl.com/english/year-9/determine-the-themes-of-short-stories
Identify the author's purpose,1,multiple-choice,"Read the text. Good study habits train your brain for success. Applying effective learning methods will not only improve your grades but, more importantly, increase your long-term knowledge. Cramming at the last minute is ineffective. Instead, try to create a study routine. Schedule specific blocks of time to study every day. Next, find the best environment that helps you concentrate. Some students do better with the silence of a library, while others need the background noise or music of a public space. Now that you have a time and a place, you need a strategy. Look at your tasks and make a list. Setting small, manageable goals for your study session will help you work efficiently. Do the most difficult assignments first, while your mind is fresh. Finally, do not be afraid to take limited breaks to restore your motivation. Which author's purpose is suggested by the text?",to explain some productive study techniques to readers | to inform readers about the results of good study habits,https://uk.ixl.com/english/year-9/identify-the-authors-purpose
Which sentence is more formal?,1,multiple-choice,Which sentence is more formal?,Dr Hall and her team travelled on horseback to a remote village that had no modern medical services. | Dr Hall and her team took horses and went to a place that had no modern medical services.,https://uk.ixl.com/english/year-9/which-sentence-is-more-formal
Compare passages for tone,1,unknown,"Select the passage that has a more concerned tone. Then I could hear a policeman giving orders, but I did not even open my eyes; I could only draw a breath now and then. I cannot tell how long I lay there, but I found my life coming back, and a kind-voiced man was patting me and encouraging me to rise. I gasped for breath—and yet the officers heard it not. Why would they not be gone? I paced the floor to and fro with heavy strides, as if excited to fury by the observations of the men—but the noise steadily increased. Oh, God! What could I do? Adapted from Anna Sewell, Black Beauty and Edgar Allen Poe, 'The Tell-Tale Heart' Submit",,https://uk.ixl.com/english/year-9/compare-passages-for-tone
Determine the author's point of view,2,multiple-choice,"Read the text. When I decided it was time for a new hobby, I signed up for a 'Clowning for Fun and Profit' class at my local arts centre. I cheerily skipped through the door on the first day of class, but my heart sank as soon as I spotted the instructor, Bobo. Bobo turned out to be a sad-faced clown who refused to speak. It was clear he planned to teach entirely in mime. As he silently motioned for me to find my seat, I resigned myself to a bad experience. So imagine my surprise when this crazy class turned out to be invaluable to me! Although I didn't hear a single spoken word for five hours, Bobo somehow managed to express his ideas clearly and in an engaging way. By the end of the first session, he had expertly taught me how to make balloon animals, apply makeup, juggle beanbags and develop my own personal clown character. As I eagerly await the second session, 'All About Unicycles', I will begin clowning around as a volunteer at a local children's hospital. Which sentence best summarises the author's point of view about the clown class?","Bobo's sad demeanour and poor mime skills make it difficult for his students to learn effective clowning techniques. | Bobo uses eccentric teaching methods to efficiently teach this course, making him an excellent clowning instructor.",https://uk.ixl.com/english/year-9/determine-the-authors-point-of-view
Compare and contrast in informational texts,1,unknown,"Use the text to compare and contrast Creole cuisine and Cajun cuisine. Thanks to Cajun and Creole cuisines, no other state in America has such distinctive food as Louisiana does. The word Cajun describes French settlers who were forced out of Canada and settled in south Louisiana. In their new rural surroundings, these poor settlers developed their own type of food. Creole cuisine is different from Cajun in that it reflects a blend of many cultures. African, Caribbean, Native American, Spanish and Italian influences can all be found in Creole food. Unlike Cajun cuisine, Creole cuisine was born in the kitchens of New Orleans's upper class, who had access to ingredients like tomatoes, butter and oysters. For this reason, Creole cuisine tends to have more variety. Creole cuisine Cajun cuisine Is found in Louisiana Reflects a wide mix of cultures Developed in the kitchens of the wealthy Submit",,https://uk.ixl.com/english/year-9/compare-and-contrast-in-informational-texts
Match causes and effects in informational texts,1,unknown,"Read the text. Black mambas are fast, aggressive and venomous. It is no wonder that they are considered one of the deadliest snakes in the world. In general, the snakes actually try to avoid confrontation. However, a perceived threat to a black mamba will result in several reactions meant to warn a potential victim. First, the black mamba raises its head, spreads out its neck-flap, opens its black mouth and hisses. A threat that continues will lead to a more dangerous reaction: the mamba will bite its victim repeatedly, injecting its poisonous venom. For most of history, a mamba bite would mean certain death. Today, though, an effective antivenom is available. Match causes with their effects. Black mamba injects victim with venom. Black mamba hisses. Cause Effect Black mamba perceives a new threat. Black mamba perceives a continuing threat. Submit",,https://uk.ixl.com/english/year-9/match-causes-and-effects-in-informational-texts
Match problems with their solutions,1,unknown,"Read the text. Before British scientist Alexander Fleming discovered antibiotics in the 1920s, bacterial infections could be deadly. After antibiotics were developed, though, doctors were able to treat infections and save lives. Over the years, however, antibiotics were overused. As a result, antibiotic-resistant bacteria—also known as superbugs—have appeared. According to the Centers for Disease Control and Prevention in the United States, about two million people become infected with superbugs every year. Canadian scientists may have stumbled on a surprising tool to combat the overuse of the drugs. By mixing maple syrup extract with antibiotics, the researchers were able to increase their effectiveness while reducing the dose amount. Match the problems with their solutions. Antibiotics were invented. Scientists mixed maple syrup with medication. Problem Solution Infections killed people. Superbugs emerged. Submit",,https://uk.ixl.com/english/year-9/match-problems-with-their-solutions
Identify text structures,1,multiple-choice,"Read the text. When a person ingests caffeine, whether in the form of a cup of coffee or tea, a caffeinated soda pop or even a piece of dark chocolate, the drug begins to take effect almost immediately. First, caffeine enters the bloodstream through the membranes of the stomach and small intestine. It is then metabolised by the liver, which breaks it down into other chemicals. Within fifteen minutes of consumption, most people begin to feel the effects of caffeine, which can include increased heart rate and feelings of alertness or well-being. Within six hours of consumption, about half of the original dose of the drug will have been eliminated from the body. This is why some people drink a second cup of coffee in the afternoon. Which organisational structure does this text primarily use?",problem-solution | sequential,https://uk.ixl.com/english/year-9/identify-text-structures
Interpret the meaning of an allusion from its source,1,multiple-choice,"Read the source of the allusion. The character Pollyanna, from Eleanor Porter's children's book, is a young girl who finds good in everything and everyone. What is the meaning of the allusion in the sentence below? 'Nicole is such a Pollyanna!' Hakim announced with a sigh.",an unintelligent person,https://uk.ixl.com/english/year-9/interpret-the-meaning-of-an-allusion-from-its-source
Recall the source of an allusion,1,multiple-choice,"What is the source of the allusion in the sentence below? When I learned the details of Florence's Faustian bargain, I was in disbelief.",literature | Roman mythology,https://uk.ixl.com/english/year-9/recall-the-source-of-an-allusion
Interpret figures of speech,1,multiple-choice,"What does the simile in this text suggest? Olga rubbed coconut oil on her hands, which were like the parched earth during a drought. Olga was baking something.",Olga's hands were dry and cracked.,https://uk.ixl.com/english/year-9/interpret-figures-of-speech
Classify figures of speech,1,multiple-choice,"Which figure of speech is used in this text? Unfortunately, the wild blueberries we picked were as sweet as vinegar.",onomatopoeia,https://uk.ixl.com/english/year-9/classify-figures-of-speech
Analyse the effects of figures of speech on meaning and tone,1,unknown,"Select the verbal irony in the passage. Singer: (singing) 'Cause every time I see your face, I can't help but fall from grace. I know . . . Joey: Wow! This girl is good. Phoebe: Oh-ho yeah! A song with rhyming words. Oo, I never thought of that before. . . . Monica: (to Phoebe) Look at you. All jealous. Ross: Yeah Pheebs, come on, you two have completely different styles. From Friends, 'The One with Phoebe's Ex-Partner'. Written by Wil Calhoun. Copyright 1997 by Warner Bros Television and Bright/Kauffman/Crane Productions Submit",,https://uk.ixl.com/english/year-9/analyse-the-effects-of-figures-of-speech-on-meaning-and-tone
Analyse short stories,1,multiple-choice,"Read the story. Chiarelli's Bakery 1 Walking along the narrow brick pavement, Aram imagined that Italy looked just like this, with flower boxes outside the windows and aproned shopkeepers greeting each other in lilting Italian. He took a deep breath. The air smelled of lemons and baked bread and coffee, and he instantly longed for an espresso. He wondered if Ms Chiarelli served espresso at the bakery. 2 A vision floated into his mind: Ms Chiarelli, old and wise, teaching him to make espresso the 'secret Italian way'. He saw himself pouring perfect espresso into a tiny cup, Ms Chiarelli nodding in approval and customers clapping. Whoops! Aram nearly collided with a man in a suit. Aram had noticed and stepped aside just in time to avoid a crash. The man rushed past, and Aram glanced down at the map on his phone. He was almost there. Aram still couldn't believe his luck. All his friends were working tedious summer jobs—clearing tables and babysitting and collecting film tickets. And here he was, an actual baker's assistant, right in the heart of Little Italy. It was all thanks to his Aunt Rona. She knew Ms Chiarelli's daughter, and the two of them had cooked up a plan to get Ms Chiarelli some help at the bakery. Aram had jumped at the chance; it was the perfect apprenticeship for his future career. Chiarelli's Bakery, he was sure, would one day be known as the place where he got his start. Ah, here he was—the bakery. A faded wooden sign over the door read 'Chiarelli's World-Famous Pastry'. Aram straightened his shoulders and reached for the handle, just as the door was yanked open from the inside. Ms Chiarelli, Aram was thrilled to see, really did look wise. 'Rona's nephew?' the old woman asked. 'That's right. It's a pleasure to meet you, Ms Chiarelli.' Aram stuck out his hand. Ms Chiarelli looked at it for a second before turning around and beckoning him inside. 'Let's get started,' she said. 'I'm ready to learn everything,' Aram said. 'Great. Let's start with the til","He is sure that he will fail, but he wants to try. | He is confident that he will achieve success. | He is uncertain how things will turn out.",https://uk.ixl.com/english/year-9/analyse-short-stories
Read and understand informational passages,1,multiple-choice,"Read the text. The Statue of Liberty: France's Side of the Story 1 Rising high above the New York harbour, the copper-green Statue of Liberty can be seen from miles away. For many Americans, the majestic figure symbolises the country's willingness to welcome immigrants—especially those fleeing persecution or other hardships in their homelands. 2 However, the original purpose of the statue had nothing to do with immigration. Officially called Liberty Enlightening the World, the monument was given to America by France in 1875. The statue's designers intended it as a symbol not of sanctuary, but of democracy. They hoped that the statue would inspire France to embrace democratic government, rather than continuing to be ruled by monarchs. Democracy was not a new idea for mid-nineteenth-century France. In fact, back in 1776, France had supported the American colonies when they revolted against British rule and established their system of self-government. Thirteen years later, the French people launched a revolution of their own, overthrowing their king. Yet unlike the American Revolution, the French Revolution led to a series of unstable, temporary governments. By the mid-1860s, France was once again under the rule of an emperor. While some French people supported the emperor, others wanted a government of elected officials. One of the most ardent supporters of French democracy was a professor named Édouard René de Laboulaye. Laboulaye was an expert on the US Constitution. He taught and wrote about it in depth. Laboulaye believed wholeheartedly that France, too, should one day have a democracy. Laboulaye, however, did not want to force democracy through violent uprisings. Rather, he wanted to inspire change. In the early 1870s, he came up with an idea: the creation of a monument to the United States. Laboulaye believed that such a monument could help inspire change in several ways. First, it would memorialise France's important role in the American Revolution. Second, it ",It is about how the Statue of Liberty helped the French establish democracy. | It is about the early reception of the Statue of Liberty in the United States.,https://uk.ixl.com/english/year-9/read-and-understand-informational-passages
Trace an argument,1,multiple-choice,"Read the text. Setting up Camp 1 Holiday means something different to everyone. Some people love to bask in the sun on the beach and listen to the lapping waves of the ocean. Others pack up the car and take a trip across the country, stopping to see natural sights and roadside attractions along the way. And some people make camping a main part of their holiday. A camping holiday gives you the chance to enjoy nature and live a little differently from the way you normally do. In many ways, camping is the best type of holiday. 2 The clearest benefit to camping is the time you spend outside connecting with nature and with other people. Camping offers a chance to separate completely from a more modern, busy, technology-driven life. In fact, according to a survey of campers by GO Outdoors, a high percentage of campers strongly agree that camping is a time to get away from stress and enjoy not having something to do. Sixty-one percent of campers said that camping helps them escape the hustle and bustle of daily life. Of course, while there are relaxing aspects to camping, there's no getting around the fact that the packing and setup is a lot of work. Plus, some people just aren't fans of sleeping outside on the ground. However, there are plenty of ways to have a more comfortable camping experience. Some people stay in cabins that come with far more amenities than the typical tent. People who camp a lot sometimes travel in motorhomes or camper vans, which have indoor sleeping space for everyone. And for a high-end experience, you could even try 'glamping', or 'glamorous camping'. Many locations offer luxury tents with staff, meals and planned activities. Though there is some debate about whether 'glamping' is true camping, the point is that there are a range of camping options: you can make the experience entirely your own. You can find islands, beaches, meadows and deep forests to camp in, depending on what you'd like to do and where you'd like to explore. While you're cam",'Glamping' is the best way to camp. | Going to the beach is the most relaxing holiday. | Camping is the best choice for a holiday.,https://uk.ixl.com/english/year-9/trace-an-argument
Compare two texts with different genres,1,multiple-choice,"Read the following text from a diary. This excerpt is about life for Jews in Europe at the beginning of World War II. After May 1940 good times rapidly fled: first the war, then the capitulation, followed by the arrival of the Germans, which is when the sufferings of us Jews really began. Anti-Jewish decrees followed each other in quick succession. Jews must wear a yellow star, Jews must hand in their bicycles, Jews are banned from trams and are forbidden to drive. Jews are only allowed to do their shopping between three and five o'clock and then only in shops which bear the placard 'Jewish shop'. Jews must be indoors by eight o'clock and cannot even sit in their own gardens after that hour. Jews are forbidden to visit theatres, cinemas, and other places of entertainment. From Anne Frank, Anne Frank: The Diary of a Young Girl. Copyright 1952 by Otto H. Frank Based on this excerpt, what can you conclude about life for Jews in Europe at the beginning of World War II?",Jewish people could not associate with one another. | Jewish people had many of their rights taken away. | Jewish people could no longer afford to buy theatre tickets.,https://uk.ixl.com/english/year-9/compare-two-texts-with-different-genres
Compare illustrations of literary and historical subjects,2,multiple-choice,"Both of these images depict Perseus, a hero from Greek mythology. He is famous for going on a quest to defeat the snake-haired monster Medusa. Select the image that suggests that Perseus is feeling proud and triumphant. Submit",,https://uk.ixl.com/english/year-9/compare-illustrations-of-literary-and-historical-subjects
Order topics from broadest to narrowest,1,unknown,Order the topics from broadest to narrowest. broader major life events the first day of primary school major educational milestones narrower Submit,,https://uk.ixl.com/english/year-9/order-topics-from-broadest-to-narrowest
Organise information by topic,1,unknown,"A student council member is creating a poster for a school disco. Read the piece of information in each row, then select the section where it fits best. Sections Where and when Theme Wear white and receive a free glow necklace at the Glow-in-the-Dark Disco! Our annual spring disco will take place in the Eastwood Secondary school hall on Friday, 4 June, at 7:00 P.M. Submit",,https://uk.ixl.com/english/year-9/organise-information-by-topic
Transitions with conjunctive adverbs,2,multiple-choice,"Complete the text with the better conjunctive adverb. When hunting prey at night, Japanese sea catfish use their sense of smell, their hearing and their ability to detect vibrations. ﻿, as scientists have recently discovered, these fish can additionally notice slight chemical changes in the water that indicate the presence of sea worms.",Also | Still,https://uk.ixl.com/english/year-9/transitions-with-conjunctive-adverbs
Distinguish facts from opinions,2,multiple-choice,Which sentence states a fact?,Temari balls are a traditional Japanese art form still practised by artists today.,https://uk.ixl.com/english/year-9/distinguish-facts-from-opinions
Choose evidence to support a claim,1,multiple-choice,Read the claim below. People should not keep wild animals as pets. Select the piece of evidence that best supports this claim.,Wild animals often carry diseases that are incurable—and sometimes fatal—in humans. | Certain places have laws that allow for certain wild animals to be kept as pets.,https://uk.ixl.com/english/year-9/choose-evidence-to-support-a-claim
Identify supporting details in informational texts,1,unknown,"Select the best evidence to support the statement that the first electric cars had several drawbacks. In the late 1800s there was a race to invent the 'horseless carriage'.. . .Coal was too heavy to use for fuel, so people tried other things, including natural gas, gunpowder, and something we now think of as modern: batteries. For a while, batteries seemed to be the answer—by 1897 New York City had a fleet of electric taxis, and in 1899 the world land-speed record of 68 miles per hour (109 kilometres per hour) was set in an electric car. But the batteries were heavy and cumbersome relative to the power they supplied, and they burned out if you tried to go too fast. From Richard Hammond, Car Science. Copyright 2008 by DK Publishing Submit",,https://uk.ixl.com/english/year-9/identify-supporting-details-in-informational-texts
Identify supporting details in literary texts,1,unknown,"This passage is about a young boy, Carter, replacing a lamp on a ship's mast. Select the best evidence to support the statement that Carter enjoys the task of replacing the lamp. As soon as he'd pocketed the old lamp in his rain slicker, he pulled out the new one and fitted it into the fixture, making sure not to let go before he'd tightened it down. Carter had changed plenty of lightbulbs before, but never like this. If anything, it was all too easy and over too fast. When he was done, he unwound his safety line and gave a hand signal to Dex's first mate, Joe Kahali, down below. Joe put both hands on the winch at the base of the mast and started cranking Carter back down the deck. From Jeff Probst, Stranded. Copyright 2013 by Jeff Probst Submit",,https://uk.ixl.com/english/year-9/identify-supporting-details-in-literary-texts
Identify counterclaims,1,multiple-choice,Consider this claim: The word isthmus is the hardest word to pronounce in the English language. Now consider how someone might argue against this. Which sentence presents a counterclaim to the above claim? People in landlocked areas don't usually get a lot of practice saying isthmus since the term refers to a strip of land with seas on either side of it.,"Most people don't even know how many syllables are in otorhinolaryngologist, so they call these people ear, nose and throat doctors.",https://uk.ixl.com/english/year-9/identify-counterclaims
Use personification,1,multiple-choice,"Complete the sentence so that it uses personification. The sorceress peered into the mirror, noticing how the amulet ﻿ her neck.",gently embraced | brightly sparkled on,https://uk.ixl.com/english/year-9/use-personification
Identify active and passive voice,1,multiple-choice,Which sentence is in passive voice?,"By this time tomorrow, a wrecking ball will have demolished the historic theatre downtown. | By this time tomorrow, the theatre will have been demolished by a wrecking ball.",https://uk.ixl.com/english/year-9/identify-active-and-passive-voice
Rewrite the sentence in active voice,1,unknown,Rewrite the sentence in active voice using simple past tense. The liquid was absorbed by the sponge. The sponge the liquid. Submit,,https://uk.ixl.com/english/year-9/rewrite-the-sentence-in-active-voice
Use parallel structure,1,multiple-choice,"Complete the sentence. At the town hall meeting, the speaker reminded the audience of the importance of voting. 'Voting is a way to get information, and to make your voices heard,' he said.",exercise your rights | to exercise your rights,https://uk.ixl.com/english/year-9/use-parallel-structure
Remove redundant words or phrases,1,unknown,"Select the word or phrase that is redundant and can be removed without changing the meaning of the text. A mehndi ceremony, which takes place before an Indian wedding, is a celebratory celebration where an artist draws on the bride's hands and feet with henna, a plant-based dye. Submit",,https://uk.ixl.com/english/year-9/remove-redundant-words-or-phrases
Use the correct frequently confused word,1,multiple-choice,"Complete the text with the correct word. The audience was charmed by the performer, who maintained a lively humour and wit throughout his act.",hole | whole,https://uk.ixl.com/english/year-9/use-the-correct-frequently-confused-word
Correct errors with frequently confused words,1,unknown,Fix the one word that is used incorrectly. The flight from London to Australia is more than twenty hours Do you think that is two long to travel for a weeklong trip Submit,,https://uk.ixl.com/english/year-9/correct-errors-with-frequently-confused-words
Suggest appropriate revisions,1,multiple-choice,"Read the following text from a student essay. How can the writer best improve their ideas and development? Why is smoking cigarettes bad for your health? Cigarettes contain poisonous substances like carbon monoxide and tar, which can harm every part of your body. Smoking causes heart disease and damages your blood vessels. Eating a diet high in fat, sugar and salt can also lead to heart disease. A lack of exercise contributes to heart disease, too. Smoking damages your lungs and can cause breathing problems or lung cancer. In fact, it can cause cancer in any organ in your body.",by focusing on one main idea | by stating the main idea clearly,https://uk.ixl.com/english/year-9/suggest-appropriate-revisions
Identify plagiarism,1,multiple-choice,"Compare the student text with the source. Source: Jane O'Connor, The Emperor's Silent Army, page 10. Published by Penguin, 2002: Until 1974, nobody knew that right below the people of northern China an enormous underground army had been standing guard, silently and watchfully, for more than 2,200 years. Student text: No one knew that an army of terracotta soldiers had been buried underground in northern China for over 2,200 years, until 1974 (O'Connor 10). Is the student text plagiarised?","No, it is not plagiarised. | Yes, because it fails to use quotation marks.",https://uk.ixl.com/english/year-9/identify-plagiarism
Words with pre-,1,multiple-choice,"If you prearrange a meeting, when do you plan it?",in advance | on the spot,https://uk.ixl.com/english/year-9/words-with-pre
Words with re-,1,multiple-choice,Which might you reseal? a brand-new envelope,an envelope that was opened,https://uk.ixl.com/english/year-9/words-with-re
Words with re-,2,multiple-choice,Which might you reseal?,a brand-new envelope | an envelope that was opened,https://uk.ixl.com/english/year-9/words-with-re
Words with sub-,1,multiple-choice,Which set is a subset of the other? all numbers,all even numbers,https://uk.ixl.com/english/year-9/words-with-sub
Words with sub-,2,multiple-choice,Which set is a subset of the other?,all numbers | all even numbers,https://uk.ixl.com/english/year-9/words-with-sub
Words with mis-,1,multiple-choice,How could a news report misrepresent an event? by giving too many details,by leaving out important details,https://uk.ixl.com/english/year-9/words-with-mis
Words with mis-,2,multiple-choice,How could a news report misrepresent an event?,by giving too many details | by leaving out important details,https://uk.ixl.com/english/year-9/words-with-mis
"Words with un-, dis-, in-, im- and non-",1,multiple-choice,Why might you feel disconnected from friends? because you've been spending a lot of time with them,because you haven't heard from them in a while,https://uk.ixl.com/english/year-9/words-with-un-dis-in-im-and-non
"Words with un-, dis-, in-, im- and non-",2,multiple-choice,Why might you feel disconnected from friends?,because you've been spending a lot of time with them | because you haven't heard from them in a while,https://uk.ixl.com/english/year-9/words-with-un-dis-in-im-and-non
Words with -ful,1,multiple-choice,"If you had an eventful day, how might you describe it? boring",exciting,https://uk.ixl.com/english/year-9/words-with-ful
Words with -ful,2,multiple-choice,"If you had an eventful day, how might you describe it?",boring | exciting,https://uk.ixl.com/english/year-9/words-with-ful
Words with -less,1,multiple-choice,What might fix a flavourless sauce? adding water,adding spices,https://uk.ixl.com/english/year-9/words-with-less
Words with -less,2,multiple-choice,What might fix a flavourless sauce?,adding water | adding spices,https://uk.ixl.com/english/year-9/words-with-less
Words with -able and -ible,1,multiple-choice,Which is measurable? the depth of a pond,the depth of someone's feelings,https://uk.ixl.com/english/year-9/words-with-able-and-ible
Words with -able and -ible,2,multiple-choice,Which is measurable?,the depth of a pond | the depth of someone's feelings,https://uk.ixl.com/english/year-9/words-with-able-and-ible
Use Greek and Latin roots as clues to the meanings of words,1,multiple-choice,The root chron means time. What does the word chronic mean? happening in an official or formal way,happening frequently or for a long duration | happening in a vexing or disturbing way,https://uk.ixl.com/english/year-9/use-greek-and-latin-roots-as-clues-to-the-meanings-of-words
Use Greek and Latin roots as clues to the meanings of words,2,multiple-choice,The root chron means time. What does the word chronic mean?,happening in an official or formal way | happening frequently or for a long duration | happening in a vexing or disturbing way,https://uk.ixl.com/english/year-9/use-greek-and-latin-roots-as-clues-to-the-meanings-of-words
Use words as clues to the meanings of Greek and Latin roots,1,multiple-choice,The word advocate contains the root voc. What does the root voc mean?,hear or listen | call or speak | own or self,https://uk.ixl.com/english/year-9/use-words-as-clues-to-the-meanings-of-greek-and-latin-roots
Determine the meanings of Greek and Latin roots,1,multiple-choice,What does the root min mean? group,measure | small | bad or evil,https://uk.ixl.com/english/year-9/determine-the-meanings-of-greek-and-latin-roots
Determine the meanings of Greek and Latin roots,2,multiple-choice,What does the root min mean?,group | measure | small | bad or evil,https://uk.ixl.com/english/year-9/determine-the-meanings-of-greek-and-latin-roots
Determine the meanings of words with Greek and Latin roots,1,multiple-choice,What does the word maleficent mean? working to cause harm to others,working to establish your trustworthiness | working to help others | working for a long period of time,https://uk.ixl.com/english/year-9/determine-the-meanings-of-words-with-greek-and-latin-roots
Determine the meanings of words with Greek and Latin roots,2,multiple-choice,What does the word maleficent mean?,working to cause harm to others | working to establish your trustworthiness | working to help others | working for a long period of time,https://uk.ixl.com/english/year-9/determine-the-meanings-of-words-with-greek-and-latin-roots
Choose the synonym,1,multiple-choice,Which word is a synonym of intermittent?,simultaneous,https://uk.ixl.com/english/year-9/choose-the-synonym
Choose the antonym,1,multiple-choice,Which word is an antonym of pristine? spoiled,unnatural,https://uk.ixl.com/english/year-9/choose-the-antonym
Choose the antonym,2,multiple-choice,Which word is an antonym of pristine?,spoiled | unnatural,https://uk.ixl.com/english/year-9/choose-the-antonym
Describe the difference between related words,1,multiple-choice,Which word suggests someone is sneaky? cunning,wise,https://uk.ixl.com/english/year-9/describe-the-difference-between-related-words
Describe the difference between related words,2,multiple-choice,Which word suggests someone is sneaky?,cunning | wise,https://uk.ixl.com/english/year-9/describe-the-difference-between-related-words
Positive and negative connotation,1,multiple-choice,Which phrase has a more positive connotation? a wilful attitude,a resolute attitude,https://uk.ixl.com/english/year-9/positive-and-negative-connotation
Positive and negative connotation,2,multiple-choice,Which phrase has a more positive connotation?,a wilful attitude | a resolute attitude,https://uk.ixl.com/english/year-9/positive-and-negative-connotation
Use the correct homophone,1,multiple-choice,Complete the sentence with the correct homophone. over this fence and you will be surprised by how well tended the garden on the other side is.,Peak | Peek,https://uk.ixl.com/english/year-9/use-the-correct-homophone
Use the correct homophone,2,multiple-choice,Complete the sentence with the correct homophone.,Peak | Peek,https://uk.ixl.com/english/year-9/use-the-correct-homophone
Which definition matches the sentence?,1,multiple-choice,"What does produce mean here? Proponents of the raw food diet believe that cooking food destroys its nutritional content, so they recommend eating uncooked produce, seeds, nuts and sprouted grains.",produce noun fresh fruits and vegetables | produce verb to make or create,https://uk.ixl.com/english/year-9/which-definition-matches-the-sentence
Which sentence matches the definition?,1,multiple-choice,"Which piece of text uses this meaning of contest? contest verb to dispute or challenge Excited about buying her own house, Jen almost signed the contract without hesitation. Later, after reading the contract more carefully, she decided to contest it as biased towards the seller.","In the robotics contest that Beth has entered, participants work in teams to design and build their own robots.",https://uk.ixl.com/english/year-9/which-sentence-matches-the-definition
Analogies,1,multiple-choice,Complete the analogy. elm is to tree as raspberry is to,fruit | sweets,https://uk.ixl.com/english/year-9/analogies
Analogies: challenge,1,multiple-choice,Complete the analogy. conductor is to baton as judge is to gavel,witness | courtroom,https://uk.ixl.com/english/year-9/analogies-challenge
Analogies: challenge,2,multiple-choice,Complete the analogy. conductor is to baton as judge is to,gavel | witness | courtroom,https://uk.ixl.com/english/year-9/analogies-challenge
Find words using context,1,unknown,"Select the word that means ordinary. Some of the most important inventions were not designed to achieve extraordinary feats, but rather to help people with mundane tasks. Josephine Garis Cochrane's invention, for example, has spared people many hours of washing dishes. In 1886, Cochrane applied for a patent for her electric dishwasher and later started a company to manufacture the labour-saving device. Submit",,https://uk.ixl.com/english/year-9/find-words-using-context
Determine the meaning of words using synonyms in context,1,unknown,"Read the passage. Then, select the synonym of the word in bold. Scurvy is a nutritional disorder caused by a diet lacking in vitamin C. Near the end of the fifteenth century, scurvy was the major cause of illness and death among sailors on lengthy ocean voyages, because their diets were often deficient in fresh fruits and vegetables. In 1753, Scottish surgeon James Lind showed that scurvy could be treated and prevented by consuming citrus fruits. Submit",,https://uk.ixl.com/english/year-9/determine-the-meaning-of-words-using-synonyms-in-context
Determine the meaning of words using antonyms in context,1,unknown,"Read the passage. Then, select the antonym of the word in bold. In a criminal trial, lawyers for the defence may try to have the case dismissed for a variety of reasons. For example, if they feel like the prosecution hasn't provided enough proof, they may ask the judge to dismiss the case for insufficient evidence. Submit",,https://uk.ixl.com/english/year-9/determine-the-meaning-of-words-using-antonyms-in-context
Use context to identify the meaning of a word,1,multiple-choice,"Read the passage and then answer the question. Invented in 1448, Johann Gutenberg's printing press is often credited with being the first press in Europe with moveable type. The press used small blocks carved with individual letters of the alphabet. Gutenberg could arrange and rearrange these blocks into almost infinite combinations to make any word, sentence or passage that was desired. Once a page was printed, the same blocks could be reconfigured to create the next page. Gutenberg's printing press, which allowed for the dissemination of printed materials, helped lead to widespread changes in European society. Previously, few people had access to books. Each book had to be carefully copied by hand in an expensive and time-consuming process. With the printing press, books could quickly be produced in large numbers, reducing their price and allowing them to be distributed to a greater number of people. More books meant more people could learn to read and write, ultimately leading to a more literate public. All these changes are thought to have facilitated the rise of the Renaissance in Europe. What is the meaning of reconfigured as used in the passage?",erased | reordered | duplicated | remade,https://uk.ixl.com/english/year-9/use-context-to-identify-the-meaning-of-a-word
Determine the meaning of domain-specific words with pictures,1,multiple-choice,"Read the text. A conditioned response occurs when an animal learns to associate two events that were not originally related. For example, a dog will naturally salivate at the smell of food (an unconditioned response). However, if a dog learns that the sound of a ringing bell is a sure sign that dinner is coming, it will begin to react to the sound of that bell the same way it reacts to the smell of food (a conditioned response). This is called classical conditioning. Operant conditioning is a process like classical conditioning. However, in classical conditioning, the events that an animal learns to associate are not under the animal's voluntary control. In",operant conditioning | classical conditioning,https://uk.ixl.com/english/year-9/determine-the-meaning-of-domain-specific-words-with-pictures
Alphabetical order,1,unknown,Put the words in alphabetical order. yelp yes victim year Submit,,https://uk.ixl.com/english/year-9/alphabetical-order
Use guide words,1,multiple-choice,Which word would you find on a dictionary page with the following guide words? why - word,willow | wart,https://uk.ixl.com/english/year-9/use-guide-words
Use dictionary entries,1,unknown,"Select the etymology in this dictionary entry. integrate \in-ti-greyt\ verb integrating, integrated 1. to bring parts together or unify: Our proposal integrates all of the ideas we discussed during the meeting. 2. to become part of a larger unit: After moving abroad, Helga struggled to integrate into the foreign culture. 3. to remove racial barriers in an area or location; desegregate: Civil rights legislation helped to integrate public facilities in America in the 1960s. — from Latin (integrare) Submit",,https://uk.ixl.com/english/year-9/use-dictionary-entries
Use dictionary definitions,1,unknown,"Look at this sentence: Before she moved to London, Ms Edwards had romantic expectations about life in the big city. Select the definition of romantic that the sentence uses. romantic \rou-man-tik\ adjective more romantic, most romantic 1. displaying or expressing love: The couple took a romantic stroll along the moonlit beach. 2. unrealistic or impractical: Max had romantic dreams about becoming a world-famous musician. 3. false or imaginary: Critics panned the autobiography as a romantic recollection of past events. — from French (romantique) Submit",,https://uk.ixl.com/english/year-9/use-dictionary-definitions
Use thesaurus entries,1,multiple-choice,"Look at this thesaurus entry: attain Part of speech: verb Definition: to reach as an end Synonyms: accomplish, achieve, reach, realise Which might someone attain?",a goal | your destination on a car trip,https://uk.ixl.com/english/year-9/use-thesaurus-entries
"Is the sentence declarative, interrogative, imperative or exclamatory?",1,multiple-choice,"What kind of sentence is this? Do you know Toby from football training, or do you have another connection with him?",exclamatory | interrogative | declarative,https://uk.ixl.com/english/year-9/is-the-sentence-declarative-interrogative-imperative-or-exclamatory
Identify the complete subject or complete predicate of a sentence,1,unknown,Select the two words that make up the complete subject. Two skiers criss-cross the snowy hill. Submit,,https://uk.ixl.com/english/year-9/identify-the-complete-subject-or-complete-predicate-of-a-sentence
Identify the simple subject or simple predicate of a sentence,1,unknown,Select the simple subject. I limit my time watching television each day. Submit,,https://uk.ixl.com/english/year-9/identify-the-simple-subject-or-simple-predicate-of-a-sentence
Identify the compound subject or compound predicate of a sentence,1,unknown,Select the seven words that make up the complete compound predicate. Grace caught the beetle and released it outside. Submit,,https://uk.ixl.com/english/year-9/identify-the-compound-subject-or-compound-predicate-of-a-sentence
Is it a complete sentence or a fragment?,1,multiple-choice,Which is a complete sentence?,Had not ridden a horse before going on holiday last year. | Jack and Miranda both handle themselves well under pressure.,https://uk.ixl.com/english/year-9/is-it-a-complete-sentence-or-a-fragment
Is it a complete sentence or a run-on?,1,multiple-choice,"Which is a complete sentence? Let's spruce up this room, new curtains would be an improvement.",A leap year typically occurs every four years.,https://uk.ixl.com/english/year-9/is-it-a-complete-sentence-or-a-run-on
Is it a complete sentence or a run-on?,2,multiple-choice,Which is a complete sentence?,"Let's spruce up this room, new curtains would be an improvement. | A leap year typically occurs every four years.",https://uk.ixl.com/english/year-9/is-it-a-complete-sentence-or-a-run-on
"Is it a complete sentence, a fragment or a run-on?",1,multiple-choice,Which is a run-on sentence? The presence of Soviet missiles in Cuba contributed to the Cuban Missile Crisis of 1962.,Chocolate chip cookies are my favourite Jude prefers lemon muffins.,https://uk.ixl.com/english/year-9/is-it-a-complete-sentence-a-fragment-or-a-run-on
"Is it a complete sentence, a fragment or a run-on?",2,multiple-choice,Which is a run-on sentence?,The presence of Soviet missiles in Cuba contributed to the Cuban Missile Crisis of 1962. | Chocolate chip cookies are my favourite Jude prefers lemon muffins.,https://uk.ixl.com/english/year-9/is-it-a-complete-sentence-a-fragment-or-a-run-on
Is it a phrase or a clause?,1,multiple-choice,Is the group of words in bold a,phrase | clause,https://uk.ixl.com/english/year-9/is-it-a-phrase-or-a-clause
Identify appositives and appositive phrases,1,unknown,"Select the appositive or appositive phrase. The first athlete to score a perfect ten in an Olympic gymnastic event was Nadia Comăneci, a Romanian gymnast. Submit",,https://uk.ixl.com/english/year-9/identify-appositives-and-appositive-phrases
Identify dependent and independent clauses,1,unknown,"Select the dependent clause. While the venomous bite of a centipede is not typically life-threatening, it can be exceptionally painful. Submit",,https://uk.ixl.com/english/year-9/identify-dependent-and-independent-clauses
"Is the sentence simple, compound, complex or compound-complex?",1,multiple-choice,"Which type of sentence is this? Aaron has an unconventional swing, but he manages to drive the ball farther than some professional golfers. simple",compound | complex | compound-complex,https://uk.ixl.com/english/year-9/is-the-sentence-simple-compound-complex-or-compound-complex
Combine sentences using relative clauses,1,unknown,"Read the sentences. The star HD 162826 has been called a solar sibling to our sun. HD 162826 was probably born in the same gas cloud. Now combine the sentences by completing the relative clause. The star HD 162826, which was probably born in the same gas cloud. Submit",,https://uk.ixl.com/english/year-9/combine-sentences-using-relative-clauses
Form and use plurals: review,1,unknown,"Complete the sentence with the correct plural. Okapis—animals with reddish-brown backs and white stripes on their legs—may resemble zebras, but they are actually more closely related to giraffe Submit",,https://uk.ixl.com/english/year-9/form-and-use-plurals-review
Form and use plurals of compound nouns,1,unknown,"Complete the sentence with the correct plural. For legal purposes, it's imperative that you make photocopy of all correspondences between you and your lawyer. Submit",,https://uk.ixl.com/english/year-9/form-and-use-plurals-of-compound-nouns
"Identify plurals, singular possessives and plural possessives",1,multiple-choice,What is the word in bold? Rumours are spreading like wildfire about the prime minister's upcoming plans for re-election. a singular possessive noun,a plural possessive noun,https://uk.ixl.com/english/year-9/identify-plurals-singular-possessives-and-plural-possessives
Form the singular or plural possessive,1,unknown,Type the possessive form of the given noun. a butler duties Submit,,https://uk.ixl.com/english/year-9/form-the-singular-or-plural-possessive
Identify and correct errors with plural and possessive nouns,1,unknown,Find the plural or possessive error. Select it and type it correctly. Cats' powerful night vision enables them to see at level's of light six times lower than what humans need in order to see Submit,,https://uk.ixl.com/english/year-9/identify-and-correct-errors-with-plural-and-possessive-nouns
Identify and correct errors with compound and joint possession,1,unknown,Click to correct the text if needed. Susan and Olivia's commitment to help each other in school has the potential to benefit them both tremendously. Submit,,https://uk.ixl.com/english/year-9/identify-and-correct-errors-with-compound-and-joint-possession
Identify pronouns and their antecedents,1,unknown,"Select the pronoun whose antecedent is Julia Child. Before becoming a cookbook author and TV host, Julia Child learned about French food while living in Paris with her husband, Paul. Submit",,https://uk.ixl.com/english/year-9/identify-pronouns-and-their-antecedents
Use the pronoun that agrees with the antecedent,1,unknown,"Complete the sentence with the pronoun that agrees with the word or words in bold. Escape artist Harry Houdini may have started his career in New York, but it was a tour of Europe that made a star. Submit",,https://uk.ixl.com/english/year-9/use-the-pronoun-that-agrees-with-the-antecedent
Correct inappropriate shifts in pronoun number and person,1,unknown,Find the incorrect pronoun and type it correctly. People with positive attitudes tend to be more successful in life because you are more likely to focus on solutions rather than problems Submit,,https://uk.ixl.com/english/year-9/correct-inappropriate-shifts-in-pronoun-number-and-person
Identify vague pronoun references,1,multiple-choice,Which of the following contains a vague pronoun reference?,"Samantha split up the baking duties with Tessa, so all Samantha had to do was mix together the dry ingredients.",https://uk.ixl.com/english/year-9/identify-vague-pronoun-references
Identify all of the possible antecedents,1,unknown,"The pronoun in bold is vague. Select all of its possible antecedents. Bessie Coleman and Amelia Earhart were both talented American aviators in the 1920s, but she faced more obstacles during her career. Submit",,https://uk.ixl.com/english/year-9/identify-all-of-the-possible-antecedents
Choose between subject and object pronouns,1,multiple-choice,Select the correct pronoun to complete the sentence. Are you absolutely certain that it was,her | she,https://uk.ixl.com/english/year-9/choose-between-subject-and-object-pronouns
Compound subjects and objects with 'I' and 'me',1,multiple-choice,Select the correct pronoun to complete the sentence. A flock of ravens soared far above my brother and I,me,https://uk.ixl.com/english/year-9/compound-subjects-and-objects-with-i-and-me
Compound subjects and objects with pronouns,1,multiple-choice,"Select the correct pronoun to complete the sentence. After Luca and Amber's amazing dance performance, and their parents celebrated. they",them,https://uk.ixl.com/english/year-9/compound-subjects-and-objects-with-pronouns
Choose between personal and reflexive pronouns,1,multiple-choice,Select the best pronoun to complete the sentence. The common iguana defends by using its sharp tail as a whip. itself,themselves,https://uk.ixl.com/english/year-9/choose-between-personal-and-reflexive-pronouns
Choose between personal and reflexive pronouns,2,multiple-choice,Select the best pronoun to complete the sentence. The common iguana defends themselves by using its sharp tail as a whip.,itself | themselves,https://uk.ixl.com/english/year-9/choose-between-personal-and-reflexive-pronouns
Choose between personal and reflexive pronouns,3,multiple-choice,Select the best pronoun to complete the sentence. The common iguana defends,itself | themselves,https://uk.ixl.com/english/year-9/choose-between-personal-and-reflexive-pronouns
Use reflexive pronouns,1,unknown,"Complete the sentence with a pronoun that refers back to the subject in bold. If they had put snow tyres on their car, they could have spared the trouble of getting stuck in the snow. Submit",,https://uk.ixl.com/english/year-9/use-reflexive-pronouns
Is the pronoun reflexive or intensive?,1,multiple-choice,Is the pronoun in bold reflexive or,intensive,https://uk.ixl.com/english/year-9/is-the-pronoun-reflexive-or-intensive
Is the pronoun reflexive or intensive?,2,multiple-choice,Is the pronoun in bold,reflexive | intensive,https://uk.ixl.com/english/year-9/is-the-pronoun-reflexive-or-intensive
Use relative pronouns: who and whom,1,unknown,"Complete the sentence with the best relative pronoun. In 2014, sailors were members of the Polynesian Voyaging Society embarked on a three-year journey around the world using only traditional navigation techniques of the ancient Polynesians and Hawaiians. Submit",,https://uk.ixl.com/english/year-9/use-relative-pronouns-who-and-whom
"Use relative pronouns: who, whom, whose, which and that",1,unknown,"Complete the sentence with the best relative pronoun. On the Road, a novel based on cross-country trips taken by the author in the late 1940s, was written by Jack Kerouac, became known as one of the pioneering voices of the Beat Generation. Submit",,https://uk.ixl.com/english/year-9/use-relative-pronouns-who-whom-whose-which-and-that
Identify transitive and intransitive verbs,1,unknown,"Select the action verb. If the verb is transitive, also select its direct object. One of the most destructive earthquakes in recent history occurred in Kashmir and Pakistan on 8 October 2005. Submit",,https://uk.ixl.com/english/year-9/identify-transitive-and-intransitive-verbs
"Identify linking verbs, predicate adjectives and predicate nouns",1,unknown,Select the linking verb and the predicate noun or predicate adjective. Sophia's holiday to Paris at the age of four remains her most vivid childhood memory. Submit,,https://uk.ixl.com/english/year-9/identify-linking-verbs-predicate-adjectives-and-predicate-nouns
Correct errors with subject-verb agreement,1,unknown,Find the error with subject-verb agreement. Select the incorrect verb and type it correctly. The prime minister's speech address his commitment to improving relationships with major international trade partners Submit,,https://uk.ixl.com/english/year-9/correct-errors-with-subject-verb-agreement
Correct errors with indefinite pronoun-verb agreement,1,unknown,Find the error with subject-verb agreement. Select the incorrect verb and type it correctly. In George Orwell's novel 1984 everyone exist in a totalitarian society or a society in which the state has complete control Submit,,https://uk.ixl.com/english/year-9/correct-errors-with-indefinite-pronoun-verb-agreement
Use the correct verb – with compound subjects,1,multiple-choice,"Complete the sentence with the best verb. On rainy days, Emmet and his friends to invent new board games. like",likes,https://uk.ixl.com/english/year-9/use-the-correct-verb-with-compound-subjects
Use the correct verb – with compound subjects,2,multiple-choice,"Complete the sentence with the best verb. On rainy days, Emmet and his friends",like | likes,https://uk.ixl.com/english/year-9/use-the-correct-verb-with-compound-subjects
Irregular past tense: review,1,unknown,Complete the sentence with the verb in the past tense. We teach Kamal how to do the puzzle. Submit,,https://uk.ixl.com/english/year-9/irregular-past-tense-review
"Simple past, present and future tense: review",1,unknown,"Complete the sentence with the future-tense form of the verb. The forecast is predicting colder temperatures later this afternoon, so the precipitation turn to snow. Submit",,https://uk.ixl.com/english/year-9/simple-past-present-and-future-tense-review
Identify and correct inappropriate shifts in verb tense,1,unknown,"Does the following text have an inappropriate shift in verb tense? If so, fix any verbs that don't match the tense of the verb in bold. If not, submit the text without making any changes. The photovoltaic cells in solar panels use energy from absorbed light to knock electrons in the cells loose Electric fields in the cells then directed the electrons in a particular direction creating a flow of electricity Submit",,https://uk.ixl.com/english/year-9/identify-and-correct-inappropriate-shifts-in-verb-tense
Form the progressive verb tenses,1,unknown,Complete the sentence with the future progressive form of the verb. 'Please keep this a secret: Daniel and I elope in two weeks!' Becky confided to her best friend. Submit,,https://uk.ixl.com/english/year-9/form-the-progressive-verb-tenses
Form the perfect verb tenses,1,unknown,"Complete the sentence with the present perfect form of the verb. Several reporters try to reach the police commissioner for his response to the rumours of his resignation, but he has not returned their calls. Submit",,https://uk.ixl.com/english/year-9/form-the-perfect-verb-tenses
Identify participles and what they modify,1,unknown,"Select the participle or participial phrase. In 2013, German authorities discovered more than one thousand pieces of artwork hidden in the Munich home of an elderly recluse. Submit",,https://uk.ixl.com/english/year-9/identify-participles-and-what-they-modify
Identify gerunds and their functions,1,unknown,"Select the gerund or gerund phrase. Carpooling saves petrol, cuts down on fuel emissions released into the air and reduces the number of cars on already crowded roads. Submit",,https://uk.ixl.com/english/year-9/identify-gerunds-and-their-functions
Identify infinitives and infinitive phrases,1,unknown,"Select the infinitive or infinitive phrase. Despite having more clothes than she could possibly need, Eloise always complains that she has nothing to wear. Submit",,https://uk.ixl.com/english/year-9/identify-infinitives-and-infinitive-phrases
Identify adjectives,1,unknown,"Select the one adjective. Don't select any articles (a, an, or the). Before a marathon, runners often eat carbohydrates such as pasta or potatoes because the body converts these foods into glucose, a sugar that provides energy. Submit",,https://uk.ixl.com/english/year-9/identify-adjectives
Order adjectives,1,unknown,Put the words in the right order to describe the noun. vast the ranch Texan Submit,,https://uk.ixl.com/english/year-9/order-adjectives
Identify adverbs,1,unknown,Select the one adverb. It was exciting to watch the ballerina as she leapt gracefully into the arms of her partner. Submit,,https://uk.ixl.com/english/year-9/identify-adverbs
Choose between adjectives and adverbs,1,multiple-choice,"Choose the word that best describes or modifies the verb in bold. The young lawyer misplaced a highly important legal document, but he found it just in time for the trial.",accidental,https://uk.ixl.com/english/year-9/choose-between-adjectives-and-adverbs
Is the word an adjective or adverb?,1,multiple-choice,Is the word in bold an adjective or an,adverb,https://uk.ixl.com/english/year-9/is-the-word-an-adjective-or-adverb
Is the word an adjective or adverb?,2,multiple-choice,Is the word in bold an,adjective | adverb,https://uk.ixl.com/english/year-9/is-the-word-an-adjective-or-adverb
Form and use comparative and superlative adjectives,1,unknown,Complete the sentence with the correct comparative or superlative adjective. The chocolate cake that Leah bought at the bake sale was moist than the brownie. Submit,,https://uk.ixl.com/english/year-9/form-and-use-comparative-and-superlative-adjectives
"Good, better, best, bad, worse and worst",1,unknown,Complete the sentence with the correct comparative or superlative adjective. Terence thought that the pain from the wasp sting was bad than the pain from any bee sting he had ever experienced. Submit,,https://uk.ixl.com/english/year-9/good-better-best-bad-worse-and-worst
Form and use comparative and superlative adverbs,1,unknown,Complete the sentence with the correct comparative or superlative adverb. It seemed as though the prosecutor had examined the evidence thoroughly than the defence counsel had. Submit,,https://uk.ixl.com/english/year-9/form-and-use-comparative-and-superlative-adverbs
"Well, better, best, badly, worse and worst",1,unknown,"Complete the sentence with the correct comparative or superlative adverb. We've had several mechanics work on our car, but Mr King always repairs it well Submit",,https://uk.ixl.com/english/year-9/well-better-best-badly-worse-and-worst
Identify prepositional phrases,1,unknown,Select the one prepositional phrase. A bon mot is a witty response. In French the phrase literally means 'good word'. Submit,,https://uk.ixl.com/english/year-9/identify-prepositional-phrases
Is it a direct object or an indirect object?,1,multiple-choice,Is the phrase in bold a direct object or an,indirect object,https://uk.ixl.com/english/year-9/is-it-a-direct-object-or-an-indirect-object
Is it a direct object or an indirect object?,2,multiple-choice,Is the phrase in bold a,direct object | indirect object,https://uk.ixl.com/english/year-9/is-it-a-direct-object-or-an-indirect-object
Use the correct pair of correlative conjunctions,1,multiple-choice,"Complete the sentence with the better correlative conjunctions. Many experts have tried to explain the function of dreams. you're interested in dream analysis, you might want to read psychologist Carl Jung's theories. Neither . . . nor",If . . . then,https://uk.ixl.com/english/year-9/use-the-correct-pair-of-correlative-conjunctions
Misplaced modifiers with pictures,1,multiple-choice,Which sentence better matches the image?,"Squinting against the sunlight, the mountain's snowy peak came into view. | Squinting against the sunlight, I saw the mountain's snowy peak come into view.",https://uk.ixl.com/english/year-9/misplaced-modifiers-with-pictures
Select the misplaced or dangling modifier,1,unknown,"Select the misplaced or dangling modifier. The curtains had already begun to close when, after taking a perfunctory bow, deafening applause brought the symphony conductor back to the stage for a final encore. Submit",,https://uk.ixl.com/english/year-9/select-the-misplaced-or-dangling-modifier
Are the modifiers used correctly?,1,multiple-choice,Which sentence is correct?,"Barking, chirping and growling, the marsh behind my holiday cottage is noisy with frogs and their evening mating calls. | The marsh behind my holiday cottage is noisy with the evening mating calls of frogs barking, chirping and growling.",https://uk.ixl.com/english/year-9/are-the-modifiers-used-correctly
Commas with non-restrictive elements,1,unknown,"If the relative clause in bold is non-restrictive, set it off with commas. If it is restrictive, submit the text without making any changes. , When we were kids, my eldest brother whose imagination knew no limits would entertain us for hours with his fanciful stories. Submit",,https://uk.ixl.com/english/year-9/commas-with-non-restrictive-elements
Commas with compound and complex sentences,1,unknown,"Correct the text by inserting one comma. , Thousands of animal species die off every year but scientists believe they may be able to use DNA to bring some extinct species back to life. Submit",,https://uk.ixl.com/english/year-9/commas-with-compound-and-complex-sentences
"Commas with direct addresses, introductory words, interjections and interrupters",1,unknown,"Correct the text by inserting one comma. , Oops Florence left her yoga mat and water bottle at the gym. Submit",,https://uk.ixl.com/english/year-9/commas-with-direct-addresses-introductory-words-interjections-and-interrupters
Commas with coordinate adjectives,1,unknown,"Insert one comma to separate the coordinate adjectives. , In the book Catch-22, written by the modern American author Joseph Heller, World War II airmen face an absurd frustrating contradiction: only the insane can opt out of the dangerous flights, yet trying to opt out is viewed as proof of sanity. Submit",,https://uk.ixl.com/english/year-9/commas-with-coordinate-adjectives
Use semicolons and commas to separate clauses,1,unknown,"Add a comma or semicolon if needed. Otherwise, submit the text without any additional punctuation. In 2005, the dwarf planet Eris was it was named for the Greek goddess of chaos, strife and discord. Submit",,https://uk.ixl.com/english/year-9/use-semicolons-and-commas-to-separate-clauses
"Use semicolons, colons and commas with lists",1,unknown,"Add a comma, semicolon or colon if needed. Otherwise, submit the text without any additional punctuation. Dermatophytes are fungi that flourish on our outer skin layers—particularly in moist environments—and can live clothes, hairbrushes, towels and other items. Submit",,https://uk.ixl.com/english/year-9/use-semicolons-colons-and-commas-with-lists
"Use semicolons, colons and commas with lists",2,unknown,"Add commas, semicolons or colons if needed. Otherwise, submit the text without any additional punctuation. When the Wilsons purchased their home, it needed a new new cladding and a new electrical and new plumbing. Submit",,https://uk.ixl.com/english/year-9/use-semicolons-colons-and-commas-with-lists
Use dashes,1,unknown,"Insert one dash where needed. — Beneath the church of Santa Maria della Concezione in Rome, Italy, lies a burial chamber a six-room crypt filled with the skulls and other bones of about four thousand monks. Submit",,https://uk.ixl.com/english/year-9/use-dashes
Use hyphens in compound adjectives,1,unknown,"Add hyphens to compound adjectives where necessary. If no hyphens are needed, submit the text without making any changes. - 'Chocolate covered fruit is my guilty pleasure,' Leon confessed. 'It doesn't matter if it's a fresh strawberry or a piece of dried mango—I just can't resist.' Submit",,https://uk.ixl.com/english/year-9/use-hyphens-in-compound-adjectives
Decide whether ellipses are used appropriately,1,multiple-choice,Read this text. Fufu is a staple Ghanaian food made from the pulp of cassava and plantain mashed together and served in a bowl of spicy soup. Is this an appropriate use of an ellipsis? 'Fufu is a staple Ghanaian food . . . served in a bowl of spicy soup.',"yes | no, because the text with an ellipsis no longer has the same meaning",https://uk.ixl.com/english/year-9/decide-whether-ellipses-are-used-appropriately
Correct capitalisation errors,1,unknown,"Click to correct the one capitalisation error. By urban population, Mexico City, the Capital of Mexico, is the largest city in North America. Submit",,https://uk.ixl.com/english/year-9/correct-capitalisation-errors
Capitalising titles,1,unknown,Click to capitalise the film's title correctly. the elephant man Submit,,https://uk.ixl.com/english/year-9/capitalising-titles
Formatting titles,1,multiple-choice,Which correctly shows the title of a book?,'An Eye for an Eye' | An Eye for an Eye,https://uk.ixl.com/english/year-9/formatting-titles
Formatting and capitalising titles: review,1,multiple-choice,Which sentence is correct? Caspar read an interesting book called 'Let's Go for a Drive!'.,Caspar read an interesting book called Let's Go for a Drive! | Caspar read an interesting book called Let's Go for A Drive!,https://uk.ixl.com/english/year-9/formatting-and-capitalising-titles-review
Formatting and capitalising titles: review,2,multiple-choice,Which sentence is correct?,Caspar read an interesting book called 'Let's Go for a Drive!'. | Caspar read an interesting book called Let's Go for a Drive! | Caspar read an interesting book called Let's Go for A Drive!,https://uk.ixl.com/english/year-9/formatting-and-capitalising-titles-review
